X1,X2,X3,Y,norm_X1,norm_X2,norm_X3,norm_Y
5362.86,5278.92,5461.99,5416.77,0.063925926,0.052556441,0.077352863,0.071227915
5416.77,5362.86,5278.92,5450.28,0.071227915,0.063925926,0.052556441,0.07576677
5450.28,5416.77,5362.86,5465.3,0.07576677,0.071227915,0.063925926,0.077801195
5465.3,5450.28,5416.77,5371.22,0.077801195,0.07576677,0.071227915,0.06505827
5371.22,5465.3,5450.28,5384.65,0.06505827,0.077801195,0.07576677,0.066877333
5384.65,5371.22,5465.3,5202.28,0.066877333,0.06505827,0.077801195,0.042175725
5202.28,5384.65,5371.22,5318.49,0.042175725,0.066877333,0.06505827,0.057916109
5318.49,5202.28,5384.65,5305.89,0.057916109,0.042175725,0.066877333,0.056209467
5305.89,5318.49,5202.28,5264.91,0.056209467,0.057916109,0.042175725,0.050658818
5264.91,5305.89,5318.49,5249.32,0.050658818,0.056209467,0.057916109,0.048547187
5249.32,5264.91,5305.89,5104.3,0.048547187,0.050658818,0.056209467,0.028904553
5104.3,5249.32,5264.91,5081.47,0.028904553,0.048547187,0.050658818,0.02581228
5081.47,5104.3,5249.32,5089.36,0.02581228,0.028904553,0.048547187,0.026880963
5089.36,5081.47,5104.3,5150.55,0.026880963,0.02581228,0.028904553,0.035169012
5150.55,5089.36,5081.47,5105.78,0.035169012,0.026880963,0.02581228,0.029105015
5105.78,5150.55,5089.36,5279.17,0.029105015,0.035169012,0.026880963,0.052590303
5279.17,5105.78,5150.55,5265.96,0.052590303,0.029105015,0.035169012,0.050801038
5265.96,5279.17,5105.78,5280.96,0.050801038,0.052590303,0.029105015,0.052832755
5280.96,5265.96,5279.17,5348.4,0.052832755,0.050801038,0.052590303,0.061967352
5348.4,5280.96,5265.96,5352.7,0.061967352,0.052832755,0.050801038,0.062549777
5352.7,5348.4,5280.96,5400.1,0.062549777,0.061967352,0.052832755,0.068970001
5400.1,5352.7,5348.4,5390.69,0.068970001,0.062549777,0.061967352,0.067695438
5390.69,5400.1,5352.7,5409.5,0.067695438,0.068970001,0.062549777,0.07024321
5409.5,5390.69,5400.1,5424.01,0.07024321,0.067695438,0.068970001,0.072208557
5424.01,5409.5,5390.69,5454.18,0.072208557,0.07024321,0.067695438,0.076295016
5454.18,5424.01,5409.5,5485.55,0.076295016,0.072208557,0.07024321,0.080544012
5485.55,5454.18,5424.01,5473.47,0.080544012,0.076295016,0.072208557,0.078907803
5473.47,5485.55,5454.18,5474.62,0.078907803,0.080544012,0.076295016,0.079063568
5474.62,5473.47,5485.55,5439.68,0.079063568,0.078907803,0.080544012,0.074331023
5439.68,5474.62,5473.47,5388.3,0.074331023,0.079063568,0.078907803,0.067371717
5388.3,5439.68,5474.62,5379.13,0.067371717,0.074331023,0.079063568,0.066129661
5379.13,5388.3,5439.68,5389.41,0.066129661,0.067371717,0.074331023,0.067522064
5389.41,5379.13,5388.3,5440.63,0.067522064,0.066129661,0.067371717,0.074459699
5440.63,5389.41,5379.13,5426.29,0.074459699,0.067522064,0.066129661,0.072517378
5426.29,5440.63,5389.41,5411.07,0.072517378,0.074459699,0.067522064,0.070455863
5411.07,5426.29,5440.63,5347,0.070455863,0.072517378,0.074459699,0.061777725
5347,5411.07,5426.29,5315.69,0.061777725,0.070455863,0.072517378,0.057536855
5315.69,5347,5411.07,5352.34,0.057536855,0.061777725,0.070455863,0.062501016
5352.34,5315.69,5347,5304.33,0.062501016,0.057536855,0.061777725,0.055998169
5304.33,5352.34,5315.69,5290.04,0.055998169,0.062501016,0.057536855,0.05406262
5290.04,5304.33,5352.34,5206.83,0.05406262,0.055998169,0.062501016,0.042792012
5206.83,5290.04,5304.33,5262.31,0.042792012,0.05406262,0.055998169,0.050306654
5262.31,5206.83,5290.04,5309,0.050306654,0.042792012,0.05406262,0.05663071
5309,5262.31,5206.83,5304.37,0.05663071,0.050306654,0.042792012,0.056003587
5304.37,5309,5262.31,5343.48,0.056003587,0.05663071,0.050306654,0.061300949
5343.48,5304.37,5309,5364.1,0.061300949,0.056003587,0.05663071,0.064093882
5364.1,5343.48,5304.37,5369.09,0.064093882,0.061300949,0.056003587,0.064769766
5369.09,5364.1,5343.48,5352.74,0.064769766,0.064093882,0.061300949,0.062555195
5352.74,5369.09,5364.1,5326.43,0.062555195,0.064769766,0.064093882,0.058991564
5326.43,5352.74,5369.09,5335.57,0.058991564,0.062555195,0.064769766,0.060229557
5335.57,5326.43,5352.74,5329.68,0.060229557,0.058991564,0.062555195,0.05943177
5329.68,5335.57,5326.43,5377.92,0.05943177,0.060229557,0.058991564,0.06596577
5377.92,5329.68,5335.57,5417.86,0.06596577,0.05943177,0.060229557,0.071375553
5417.86,5377.92,5329.68,5377.76,0.071375553,0.06596577,0.05943177,0.065944098
5377.76,5417.86,5377.92,5409.23,0.065944098,0.071375553,0.06596577,0.070206639
5409.23,5377.76,5417.86,5401.33,0.070206639,0.065944098,0.071375553,0.069136602
5401.33,5409.23,5377.76,5371.47,0.069136602,0.070206639,0.065944098,0.065092132
5371.47,5401.33,5409.23,5355.64,0.065092132,0.069136602,0.070206639,0.062947993
5355.64,5371.47,5401.33,5381.59,0.062947993,0.065092132,0.069136602,0.066462863
5381.59,5355.64,5371.47,5393.94,0.066462863,0.062947993,0.065092132,0.068135643
5393.94,5381.59,5355.64,5330.14,0.068135643,0.066462863,0.062947993,0.059494076
5330.14,5393.94,5381.59,5346.45,0.059494076,0.068135643,0.066462863,0.061703229
5346.45,5330.14,5393.94,5320.67,0.061703229,0.059494076,0.068135643,0.058211385
5320.67,5346.45,5330.14,5327.54,0.058211385,0.061703229,0.059494076,0.059141911
5327.54,5320.67,5346.45,5318.72,0.059141911,0.058211385,0.061703229,0.057947262
5318.72,5327.54,5320.67,5195.5,0.057947262,0.059141911,0.058211385,0.041257389
5195.5,5318.72,5327.54,5171.73,0.041257389,0.057947262,0.059141911,0.038037795
5171.73,5195.5,5318.72,5199.49,0.038037795,0.041257389,0.057947262,0.041797825
5199.49,5171.73,5195.5,5184.14,0.041797825,0.038037795,0.041257389,0.039718702
5184.14,5199.49,5171.73,5173.2,0.039718702,0.041797825,0.038037795,0.038236904
5173.2,5184.14,5199.49,5118.43,0.038236904,0.039718702,0.041797825,0.03081843
5118.43,5173.2,5184.14,5087.94,0.03081843,0.038236904,0.039718702,0.026688627
5087.94,5118.43,5173.2,4997.35,0.026688627,0.03081843,0.038236904,0.014418414
4997.35,5087.94,5118.43,5055.99,0.014418414,0.026688627,0.03081843,0.022361071
5055.99,4997.35,5087.94,5045.91,0.022361071,0.014418414,0.026688627,0.020995758
5045.91,5055.99,4997.35,5045.7,0.020995758,0.022361071,0.014418414,0.020967314
5045.7,5045.91,5055.99,4958.93,0.020967314,0.020995758,0.022361071,0.009214511
4958.93,5045.7,5045.91,4890.9,0.009214511,0.020967314,0.020995758,0
4890.9,4958.93,5045.7,4970.35,0,0.009214511,0.020967314,0.010761325
4970.35,4890.9,4958.93,5080.67,0.010761325,0,0.009214511,0.025703922
5080.67,4970.35,4890.9,5126.08,0.025703922,0.010761325,0,0.031854605
5126.08,5080.67,4970.35,5128.76,0.031854605,0.025703922,0.010761325,0.032217605
5128.76,5126.08,5080.67,5196.78,0.032217605,0.031854605,0.025703922,0.041430762
5196.78,5128.76,5126.08,5217.87,0.041430762,0.032217605,0.031854605,0.044287355
5217.87,5196.78,5128.76,5245.89,0.044287355,0.041430762,0.032217605,0.048082601
5245.89,5217.87,5196.78,5267.92,0.048082601,0.044287355,0.041430762,0.051066516
5267.92,5245.89,5217.87,5233.76,0.051066516,0.048082601,0.044287355,0.04643962
5233.76,5267.92,5245.89,5299.47,0.04643962,0.051066516,0.048082601,0.055339893
5299.47,5233.76,5267.92,5296.07,0.055339893,0.04643962,0.051066516,0.05487937
5296.07,5299.47,5233.76,5342.9,0.05487937,0.055339893,0.04643962,0.061222389
5342.9,5296.07,5299.47,5371.52,0.061222389,0.05487937,0.055339893,0.065098904
5371.52,5342.9,5296.07,5420.98,0.065098904,0.061222389,0.05487937,0.07179815
5420.98,5371.52,5342.9,5445.57,0.07179815,0.065098904,0.061222389,0.075128811
5445.57,5420.98,5371.52,5470.23,0.075128811,0.07179815,0.065098904,0.078468953
5470.23,5445.57,5420.98,5433.98,0.078468953,0.075128811,0.07179815,0.073558971
5433.98,5470.23,5445.57,5381.01,0.073558971,0.078468953,0.075128811,0.066384303
5381.01,5433.98,5470.23,5467.02,0.066384303,0.073558971,0.078468953,0.078034165
5467.02,5381.01,5433.98,5465.25,0.078034165,0.066384303,0.073558971,0.077794423
5465.25,5467.02,5381.01,5453.11,0.077794423,0.078034165,0.066384303,0.076150087
5453.11,5465.25,5467.02,5458.42,0.076150087,0.077794423,0.078034165,0.076869315
5458.42,5453.11,5465.25,5468.29,0.076869315,0.076150087,0.077794423,0.078206184
5468.29,5458.42,5453.11,5390.02,0.078206184,0.076869315,0.076150087,0.067604688
5390.02,5468.29,5458.42,5383.35,0.067604688,0.078206184,0.076869315,0.066701251
5383.35,5390.02,5468.29,5367.33,0.066701251,0.067604688,0.078206184,0.064531378
5367.33,5383.35,5390.02,5331.91,0.064531378,0.066701251,0.067604688,0.059733818
5331.91,5367.33,5383.35,5246.91,0.059733818,0.064531378,0.066701251,0.048220758
5246.91,5331.91,5367.33,5330.97,0.048220758,0.059733818,0.064531378,0.059606497
5330.97,5246.91,5331.91,5352.12,0.059606497,0.048220758,0.059733818,0.062471217
5352.12,5330.97,5246.91,5349.04,0.062471217,0.059606497,0.048220758,0.062054038
5349.04,5352.12,5330.97,5353.41,0.062054038,0.062471217,0.059606497,0.062645945
5353.41,5349.04,5352.12,5379.01,0.062645945,0.062054038,0.062471217,0.066113408
5379.01,5353.41,5349.04,5427.37,0.066113408,0.062645945,0.062054038,0.072663662
5427.37,5379.01,5353.41,5484.01,0.072663662,0.066113408,0.062645945,0.080335423
5484.01,5427.37,5379.01,5515.05,0.080335423,0.072663662,0.066113408,0.084539721
5515.05,5484.01,5427.37,5520.87,0.084539721,0.080335423,0.072663662,0.085328027
5520.87,5515.05,5484.01,5502.3,0.085328027,0.084539721,0.080335423,0.082812762
5502.3,5520.87,5515.05,5514.54,0.082812762,0.085328027,0.084539721,0.084470643
5514.54,5502.3,5520.87,5535.05,0.084470643,0.082812762,0.085328027,0.087248677
5535.05,5514.54,5502.3,5523.3,0.087248677,0.084470643,0.082812762,0.085657165
5523.3,5535.05,5514.54,5557.28,0.085657165,0.087248677,0.084470643,0.09025968
5557.28,5523.3,5535.05,5572.36,0.09025968,0.085657165,0.087248677,0.092302233
5572.36,5557.28,5523.3,5567.84,0.092302233,0.09025968,0.085657165,0.091690009
5567.84,5572.36,5557.28,5561.08,0.091690009,0.092302233,0.09025968,0.090774382
5561.08,5567.84,5572.36,5552.5,0.090774382,0.091690009,0.092302233,0.08961224
5552.5,5561.08,5567.84,5576.8,0.08961224,0.090774382,0.091690009,0.092903621
5576.8,5552.5,5561.08,5633.13,0.092903621,0.08961224,0.090774382,0.100533393
5633.13,5576.8,5552.5,5676.16,0.100533393,0.092903621,0.08961224,0.106361711
5676.16,5633.13,5576.8,5698.64,0.106361711,0.100533393,0.092903621,0.109406576
5698.64,5676.16,5633.13,5738.43,0.109406576,0.106361711,0.100533393,0.114796043
5738.43,5698.64,5676.16,5701.69,0.114796043,0.109406576,0.106361711,0.109819692
5701.69,5738.43,5698.64,5759.14,0.109819692,0.114796043,0.109406576,0.117601166
5759.14,5701.69,5738.43,5766.65,0.117601166,0.109819692,0.114796043,0.118618379
5766.65,5759.14,5701.69,5824.39,0.118618379,0.117601166,0.109819692,0.126439132
5824.39,5766.65,5759.14,5827.84,0.126439132,0.118618379,0.117601166,0.126906427
5827.84,5824.39,5766.65,5842.07,0.126906427,0.126439132,0.118618379,0.128833849
5842.07,5827.84,5824.39,5853.11,0.128833849,0.126906427,0.126439132,0.130329192
5853.11,5842.07,5827.84,5874.15,0.130329192,0.128833849,0.126906427,0.133179013
5874.15,5853.11,5842.07,5965.99,0.133179013,0.130329192,0.128833849,0.145618536
5965.99,5874.15,5853.11,5977.92,0.145618536,0.133179013,0.130329192,0.147234428
5977.92,5965.99,5874.15,6045.74,0.147234428,0.145618536,0.133179013,0.156420495
6045.74,5977.92,5965.99,6045.52,0.156420495,0.147234428,0.145618536,0.156390696
6045.52,6045.74,5977.92,6077.8,0.156390696,0.156420495,0.147234428,0.16076295
6077.8,6045.52,6045.74,6123.85,0.16076295,0.156390696,0.156420495,0.16700032
6123.85,6077.8,6045.52,6107.44,0.16700032,0.16076295,0.156390696,0.164777622
6107.44,6123.85,6077.8,6218.46,0.164777622,0.16700032,0.16076295,0.179815033
6218.46,6107.44,6123.85,6221.59,0.179815033,0.164777622,0.16700032,0.180238984
6221.59,6218.46,6107.44,6297.75,0.180238984,0.179815033,0.164777622,0.190554686
6297.75,6221.59,6218.46,6285.68,0.190554686,0.180238984,0.179815033,0.188919831
6285.68,6297.75,6221.59,6353.45,0.188919831,0.190554686,0.180238984,0.198099126
6353.45,6285.68,6297.75,6318.9,0.198099126,0.188919831,0.190554686,0.193419406
6318.9,6353.45,6285.68,6484.14,0.193419406,0.198099126,0.188919831,0.215800794
6484.14,6318.9,6353.45,6709.93,0.215800794,0.193419406,0.198099126,0.246383545
6709.93,6484.14,6318.9,6657.57,0.246383545,0.215800794,0.193419406,0.2392915
6657.57,6709.93,6484.14,6426.17,0.2392915,0.246383545,0.215800794,0.207948887
6426.17,6657.57,6709.93,6559.98,0.207948887,0.2392915,0.246383545,0.226073153
6559.98,6426.17,6657.57,6632.84,0.226073153,0.207948887,0.2392915,0.235941877
6632.84,6559.98,6426.17,6603.65,0.235941877,0.226073153,0.207948887,0.231988156
6603.65,6632.84,6559.98,6746.28,0.231988156,0.235941877,0.226073153,0.251307071
6746.28,6603.65,6632.84,6862.11,0.251307071,0.231988156,0.235941877,0.266995985
6862.11,6746.28,6603.65,6889.05,0.266995985,0.251307071,0.231988156,0.270644948
6889.05,6862.11,6746.28,6905.93,0.270644948,0.266995985,0.251307071,0.272931306
6905.93,6889.05,6862.11,6953.17,0.272931306,0.270644948,0.266995985,0.279329859
6953.17,6905.93,6889.05,6798.12,0.279329859,0.272931306,0.270644948,0.258328683
6798.12,6953.17,6905.93,6748.62,0.258328683,0.279329859,0.272931306,0.251624019
6748.62,6798.12,6953.17,6869.29,0.251624019,0.258328683,0.279329859,0.2679685
6869.29,6748.62,6798.12,6950.1,0.2679685,0.251624019,0.258328683,0.278914034
6950.1,6869.29,6748.62,7015.16,0.278914034,0.2679685,0.251624019,0.287726265
7015.16,6950.1,6869.29,6968.18,0.287726265,0.278914034,0.2679685,0.28136293
6968.18,7015.16,6950.1,7091.12,0.28136293,0.287726265,0.278914034,0.298014878
7091.12,6968.18,7015.16,7154.83,0.298014878,0.28136293,0.287726265,0.306644255
7154.83,7091.12,6968.18,7157.64,0.306644255,0.298014878,0.28136293,0.307024863
7157.64,7154.83,7091.12,7196.75,0.307024863,0.306644255,0.298014878,0.312322225
7196.75,7157.64,7154.83,7238.92,0.312322225,0.307024863,0.306644255,0.318034057
7238.92,7196.75,7157.64,7342.62,0.318034057,0.312322225,0.307024863,0.33207999
7342.62,7238.92,7196.75,7402.96,0.33207999,0.318034057,0.312322225,0.340252908
7402.96,7342.62,7238.92,7509.76,0.340252908,0.33207999,0.318034057,0.354718729
7509.76,7402.96,7342.62,7579.98,0.354718729,0.340252908,0.33207999,0.364229871
7579.98,7509.76,7402.96,7733.36,0.364229871,0.354718729,0.340252908,0.385004849
7733.36,7579.98,7509.76,7865.94,0.385004849,0.364229871,0.354718729,0.402962513
7865.94,7733.36,7579.98,7925.92,0.402962513,0.385004849,0.364229871,0.41108667
7925.92,7865.94,7733.36,8180.97,0.41108667,0.402962513,0.385004849,0.445632622
8180.97,7925.92,7865.94,8253.34,0.445632622,0.41108667,0.402962513,0.455434977
8253.34,8180.97,7925.92,8285.48,0.455434977,0.445632622,0.41108667,0.459788268
8285.48,8253.34,8180.97,8261.28,0.459788268,0.455434977,0.445632622,0.456510432
8261.28,8285.48,8253.34,8404.49,0.456510432,0.459788268,0.455434977,0.475907906
8404.49,8261.28,8285.48,8206.16,0.475907906,0.456510432,0.459788268,0.449044551
8206.16,8404.49,8261.28,8496.36,0.449044551,0.475907906,0.456510432,0.488351492
8496.36,8206.16,8404.49,8792.7,0.488351492,0.449044551,0.475907906,0.528490083
8792.7,8496.36,8206.16,8863.34,0.528490083,0.488351492,0.449044551,0.538058113
8863.34,8792.7,8496.36,9218.63,0.538058113,0.528490083,0.488351492,0.586181348
9218.63,8863.34,8792.7,9588.46,0.586181348,0.538058113,0.528490083,0.636273995
9588.46,9218.63,8863.34,9574.11,0.636273995,0.586181348,0.538058113,0.634330319
9574.11,9588.46,9218.63,9603.73,0.634330319,0.636273995,0.586181348,0.638342282
9603.73,9574.11,9588.46,10000.17,0.638342282,0.634330319,0.636273995,0.692039193
10000.17,9603.73,9574.11,10304.72,0.692039193,0.638342282,0.634330319,0.733289809
10304.72,10000.17,9603.73,10079.2,0.733289809,0.692039193,0.638342282,0.70274363
10079.2,10304.72,10000.17,9638.17,0.70274363,0.733289809,0.692039193,0.643007103
9638.17,10079.2,10304.72,9499.42,0.643007103,0.70274363,0.733289809,0.624213726
9499.42,9638.17,10079.2,9098.48,0.624213726,0.643007103,0.70274363,0.5699073
9098.48,9499.42,9638.17,8698.88,0.5699073,0.624213726,0.643007103,0.515782373
8698.88,9098.48,9499.42,8315.67,0.515782373,0.5699073,0.624213726,0.463877436
8315.67,8698.88,9098.48,7964.95,0.463877436,0.515782373,0.5699073,0.416373197
7964.95,8315.67,8698.88,7709.95,0.416373197,0.463877436,0.515782373,0.381834017
7709.95,7964.95,8315.67,7853.26,0.381834017,0.416373197,0.463877436,0.401245036
7853.26,7709.95,7964.95,8084.37,0.401245036,0.381834017,0.416373197,0.432548368
8084.37,7853.26,7709.95,7770.52,0.432548368,0.401245036,0.381834017,0.390038088
7770.52,8084.37,7853.26,7596.87,0.390038088,0.432548368,0.401245036,0.366517584
7596.87,7770.52,8084.37,8052,0.366517584,0.390038088,0.432548368,0.428163924
8052,7596.87,7770.52,7821.18,0.428163924,0.366517584,0.390038088,0.396899872
7821.18,8052,7596.87,7614.71,0.396899872,0.428163924,0.366517584,0.368933972
7614.71,7821.18,8052,7785.05,0.368933972,0.396899872,0.428163924,0.392006144
7785.05,7614.71,7821.18,7593.3,0.392006144,0.368933972,0.396899872,0.366034035
7593.3,7785.05,7614.71,7244.55,0.366034035,0.392006144,0.368933972,0.318796628
7244.55,7593.3,7785.05,6939.64,0.318796628,0.366034035,0.392006144,0.27749725
6939.64,7244.55,7593.3,7123.5,0.27749725,0.318796628,0.366034035,0.302400676
7123.5,6939.64,7244.55,7202.96,0.302400676,0.27749725,0.318796628,0.313163355
7202.96,7123.5,6939.64,7512.91,0.313163355,0.302400676,0.27749725,0.35514539
7512.91,7202.96,7123.5,7235.91,0.35514539,0.313163355,0.302400676,0.317626359
7235.91,7512.91,7202.96,6953.64,0.317626359,0.35514539,0.313163355,0.279393519
6953.64,7235.91,7512.91,7031.55,0.279393519,0.317626359,0.35514539,0.289946254
7031.55,6953.64,7235.91,7101.83,0.289946254,0.279393519,0.317626359,0.299465523
7101.83,7031.55,6953.64,6997.33,0.299465523,0.289946254,0.279393519,0.285311232
6997.33,7101.83,7031.55,7163.75,0.285311232,0.299465523,0.289946254,0.307852449
7163.75,6997.33,7101.83,7276.65,0.307852449,0.285311232,0.299465523,0.323144501
7276.65,7163.75,6997.33,7145.75,0.323144501,0.307852449,0.285311232,0.305414389
7145.75,7276.65,7163.75,7104.65,0.305414389,0.323144501,0.307852449,0.299847486
7104.65,7145.75,7276.65,6833.6,0.299847486,0.305414389,0.323144501,0.26313437
6833.6,7104.65,7145.75,6887.94,0.26313437,0.299847486,0.305414389,0.270494601
6887.94,6833.6,7104.65,6899.59,0.270494601,0.26313437,0.299847486,0.272072567
6899.59,6887.94,6833.6,7097.52,0.272072567,0.270494601,0.26313437,0.298881743
7097.52,6899.59,6887.94,7183.25,0.298881743,0.272072567,0.270494601,0.31049368
7183.25,7097.52,6899.59,7384.98,0.31049368,0.298881743,0.272072567,0.337817557
7384.98,7183.25,7097.52,7367.7,0.337817557,0.31049368,0.298881743,0.33547702
7367.7,7384.98,7183.25,7497.66,0.33547702,0.337817557,0.31049368,0.353079811
7497.66,7367.7,7384.98,7284.08,0.353079811,0.33547702,0.337817557,0.324150878
7284.08,7497.66,7367.7,7411.33,0.324150878,0.353079811,0.33547702,0.341386606
7411.33,7284.08,7497.66,7315.59,0.341386606,0.324150878,0.353079811,0.328418837
7315.59,7411.33,7284.08,7437.79,0.328418837,0.341386606,0.324150878,0.344970554
7437.79,7315.59,7411.33,7348.37,0.344970554,0.328418837,0.341386606,0.332858815
7348.37,7437.79,7315.59,7413.93,0.332858815,0.344970554,0.328418837,0.34173877
7413.93,7348.37,7437.79,7300.09,0.34173877,0.332858815,0.344970554,0.326319397
7300.09,7413.93,7348.37,6984.22,0.326319397,0.34173877,0.332858815,0.283535512
6984.22,7300.09,7413.93,7035.38,0.283535512,0.326319397,0.34173877,0.290465019
7035.38,6984.22,7300.09,6942.56,0.290465019,0.283535512,0.326319397,0.277892758
6942.56,7035.38,6984.22,6665.06,0.277892758,0.290465019,0.283535512,0.240306004
6665.06,6942.56,7035.38,6467.15,0.240306004,0.277892758,0.290465019,0.213499537
6467.15,6665.06,6942.56,6708.48,0.213499537,0.240306004,0.277892758,0.246187145
6708.48,6467.15,6665.06,6860.15,0.246187145,0.213499537,0.240306004,0.266730508
6860.15,6708.48,6467.15,7020.37,0.266730508,0.246187145,0.213499537,0.288431948
7020.37,6860.15,6708.48,7323.75,0.288431948,0.266730508,0.246187145,0.329524091
7323.75,7020.37,6860.15,7213.17,0.329524091,0.288431948,0.266730508,0.314546277
7213.17,7323.75,7020.37,7104.24,0.314546277,0.329524091,0.288431948,0.299791952
7104.24,7213.17,7323.75,7391.25,0.299791952,0.314546277,0.329524091,0.338666815
7391.25,7104.24,7213.17,7263.04,0.338666815,0.299791952,0.314546277,0.321301057
7263.04,7391.25,7104.24,7307.24,0.321301057,0.338666815,0.299791952,0.327287848
7307.24,7263.04,7391.25,7345.29,0.327287848,0.321301057,0.338666815,0.332441636
7345.29,7307.24,7263.04,7442.29,0.332441636,0.327287848,0.321301057,0.345580069
7442.29,7345.29,7307.24,7370.87,0.345580069,0.332441636,0.327287848,0.335906389
7370.87,7442.29,7345.29,7489.18,0.335906389,0.345580069,0.332441636,0.351931214
7489.18,7370.87,7442.29,7331.27,0.351931214,0.335906389,0.345580069,0.330542658
7331.27,7489.18,7370.87,7398.73,0.330542658,0.351931214,0.335906389,0.339679964
7398.73,7331.27,7489.18,7665.57,0.339679964,0.330542658,0.351931214,0.375822845
7665.57,7398.73,7331.27,7490.66,0.375822845,0.339679964,0.330542658,0.352131677
7490.66,7665.57,7398.73,7409.84,0.352131677,0.375822845,0.339679964,0.341184789
7409.84,7490.66,7665.57,7417.68,0.341184789,0.352131677,0.375822845,0.342246699
7417.68,7409.84,7490.66,7350.46,0.342246699,0.341184789,0.352131677,0.3331419
7350.46,7417.68,7409.84,7255.5,0.3331419,0.342246699,0.341184789,0.320279781
7255.5,7350.46,7417.68,7504.3,0.320279781,0.3331419,0.342246699,0.353979184
7504.3,7255.5,7350.46,7524.39,0.353979184,0.320279781,0.3331419,0.35670033
7524.39,7504.3,7255.5,7464.6,0.35670033,0.353979184,0.320279781,0.348601908
7464.6,7524.39,7504.3,7408.55,0.348601908,0.35670033,0.353979184,0.341010061
7408.55,7464.6,7524.39,7517.92,0.341010061,0.348601908,0.35670033,0.355823983
7517.92,7408.55,7464.6,7531.17,0.355823983,0.341010061,0.348601908,0.357618666
7531.17,7517.92,7408.55,7590.39,0.357618666,0.355823983,0.341010061,0.365639882
7590.39,7531.17,7517.92,7588.94,0.365639882,0.357618666,0.355823983,0.365443483
7588.94,7590.39,7531.17,7553.76,0.365443483,0.365639882,0.357618666,0.360678431
7553.76,7588.94,7590.39,7512.02,0.360678431,0.365443483,0.365639882,0.355024841
7512.02,7553.76,7588.94,7481.34,0.355024841,0.360678431,0.365443483,0.350869304
7481.34,7512.02,7553.76,7471.72,0.350869304,0.355024841,0.360678431,0.349566296
7471.72,7481.34,7512.02,7535.81,0.349566296,0.350869304,0.355024841,0.358247143
7535.81,7471.72,7481.34,7438.61,0.358247143,0.349566296,0.350869304,0.345081621
7438.61,7535.81,7471.72,7320.45,0.345081621,0.358247143,0.349566296,0.329077113
7320.45,7438.61,7535.81,7411.95,0.329077113,0.345081621,0.358247143,0.341470583
7411.95,7320.45,7438.61,7411.4,0.341470583,0.329077113,0.345081621,0.341396087
7411.4,7411.95,7320.45,7353.85,0.341396087,0.341470583,0.329077113,0.333601068
7353.85,7411.4,7411.95,7306.01,0.333601068,0.341396087,0.341470583,0.327121247
7306.01,7353.85,7411.4,7301.79,0.327121247,0.333601068,0.341396087,0.326549658
7301.79,7306.01,7353.85,7218.8,0.326549658,0.327121247,0.333601068,0.315308848
7218.8,7301.79,7306.01,7215.17,0.315308848,0.326549658,0.327121247,0.314817173
7215.17,7218.8,7301.79,7178.93,0.314817173,0.315308848,0.326549658,0.309908546
7178.93,7215.17,7218.8,7195.1,0.309908546,0.314817173,0.315308848,0.312098736
7195.1,7178.93,7215.17,7325.13,0.312098736,0.309908546,0.314817173,0.329711009
7325.13,7195.1,7178.93,7442.04,0.329711009,0.312098736,0.309908546,0.345546207
7442.04,7325.13,7195.1,7404.8,0.345546207,0.329711009,0.312098736,0.340502132
7404.8,7442.04,7325.13,7418.61,0.340502132,0.345546207,0.329711009,0.342372666
7418.61,7404.8,7442.04,7315.52,0.342372666,0.340502132,0.345546207,0.328409356
7315.52,7418.61,7404.8,7184.48,0.328409356,0.342372666,0.340502132,0.310660281
7184.48,7315.52,7418.61,7065.15,0.310660281,0.328409356,0.342372666,0.294497299
7065.15,7184.48,7315.52,6970.7,0.294497299,0.310660281,0.328409356,0.281704258
6970.7,7065.15,7184.48,7150.65,0.281704258,0.294497299,0.310660281,0.306078083
7150.65,6970.7,7065.15,7123.47,0.306078083,0.281704258,0.294497299,0.302396613
7123.47,7150.65,6970.7,7139.09,0.302396613,0.306078083,0.281704258,0.304512307
7139.09,7123.47,7150.65,7099.23,0.304512307,0.302396613,0.306078083,0.299113359
7099.23,7139.09,7123.47,7311.92,0.299113359,0.304512307,0.302396613,0.327921744
7311.92,7099.23,7139.09,7590.54,0.327921744,0.299113359,0.304512307,0.365660199
7590.54,7311.92,7099.23,7559,0.365660199,0.327921744,0.299113359,0.361388177
7559,7590.54,7311.92,7514.04,0.361388177,0.365660199,0.327921744,0.355298446
7514.04,7559,7590.54,7555.98,0.355298446,0.361388177,0.365660199,0.360979125
7555.98,7514.04,7559,7585.69,0.360979125,0.355298446,0.361388177,0.365003278
7585.69,7555.98,7514.04,7691.7,0.365003278,0.360979125,0.355298446,0.379362095
7691.7,7585.69,7555.98,7746.86,0.379362095,0.365003278,0.360979125,0.386833394
7746.86,7691.7,7585.69,7799.11,0.386833394,0.379362095,0.365003278,0.393910539
7799.11,7746.86,7691.7,7768.98,0.393910539,0.386833394,0.379362095,0.389829498
7768.98,7799.11,7746.86,7789.76,0.389829498,0.393910539,0.386833394,0.392644103
7789.76,7768.98,7799.11,7850.51,0.392644103,0.389829498,0.393910539,0.400872554
7850.51,7789.76,7768.98,7807.8,0.400872554,0.392644103,0.389829498,0.395087581
7807.8,7850.51,7789.76,7804.38,0.395087581,0.400872554,0.392644103,0.394624349
7804.38,7807.8,7850.51,7884.29,0.394624349,0.395087581,0.400872554,0.40544798
7884.29,7804.38,7807.8,7889.24,0.40544798,0.394624349,0.395087581,0.406118446
7889.24,7884.29,7804.38,7892.57,0.406118446,0.40544798,0.394624349,0.406569487
7892.57,7889.24,7884.29,7895.47,0.406569487,0.406118446,0.40544798,0.406962286
7895.47,7892.57,7889.24,7956.52,0.406962286,0.406569487,0.406118446,0.415231372
7956.52,7895.47,7892.57,7979.92,0.415231372,0.406962286,0.406569487,0.41840085
7979.92,7956.52,7895.47,7934.54,0.41840085,0.415231372,0.406962286,0.41225423
7934.54,7979.92,7956.52,7972.97,0.41225423,0.41840085,0.415231372,0.417459488
7972.97,7934.54,7979.92,8066,0.417459488,0.41225423,0.41840085,0.430060193
8066,7972.97,7934.54,8187.11,0.430060193,0.417459488,0.41225423,0.446464272
8187.11,8066,7972.97,8186.08,0.446464272,0.430060193,0.417459488,0.44632476
8186.08,8187.11,8066,8179.9,0.44632476,0.446464272,0.430060193,0.445487693
8179.9,8186.08,8187.11,8217.5,0.445487693,0.44632476,0.446464272,0.450580529
8217.5,8179.9,8186.08,8194.64,0.450580529,0.445487693,0.44632476,0.447484193
8194.64,8217.5,8179.9,8195.69,0.447484193,0.450580529,0.445487693,0.447626413
8195.69,8194.64,8217.5,8151.6,0.447626413,0.447484193,0.450580529,0.441654522
8151.6,8195.69,8194.64,8225.66,0.441654522,0.447626413,0.447484193,0.451685783
8225.66,8151.6,8195.69,8327.87,0.451685783,0.441654522,0.447626413,0.465529899
8327.87,8225.66,8151.6,8424.51,0.465529899,0.451685783,0.441654522,0.478619571
8424.51,8327.87,8225.66,8579.63,0.478619571,0.465529899,0.451685783,0.499630228
8579.63,8424.51,8327.87,8540.24,0.499630228,0.478619571,0.465529899,0.49429494
8540.24,8579.63,8424.51,8542.4,0.49429494,0.499630228,0.478619571,0.494587507
8542.4,8540.24,8579.63,8520.82,0.494587507,0.49429494,0.499630228,0.491664545
8520.82,8542.4,8540.24,8622.93,0.491664545,0.494587507,0.49429494,0.505495116
8622.93,8520.82,8542.4,8792.07,0.505495116,0.491664545,0.494587507,0.52840475
8792.07,8622.93,8520.82,8762.14,0.52840475,0.505495116,0.491664545,0.524350799
8762.14,8792.07,8622.93,8860.9,0.524350799,0.52840475,0.505495116,0.53772762
8860.9,8762.14,8792.07,8900.9,0.53772762,0.524350799,0.52840475,0.54314553
8900.9,8860.9,8762.14,8669.39,0.54314553,0.53772762,0.524350799,0.511788019
8669.39,8900.9,8860.9,8872.96,0.511788019,0.54314553,0.53772762,0.53936112
8872.96,8669.39,8900.9,8557.95,0.53936112,0.511788019,0.54314553,0.49669372
8557.95,8872.96,8669.39,8290.32,0.49669372,0.53936112,0.511788019,0.460443835
8290.32,8557.95,8872.96,8408.62,0.460443835,0.49669372,0.53936112,0.476467306
8408.62,8290.32,8557.95,8316.21,0.476467306,0.460443835,0.49669372,0.463950578
8316.21,8408.62,8290.32,8235.12,0.463950578,0.476467306,0.460443835,0.452967119
8235.12,8316.21,8408.62,8319.29,0.452967119,0.463950578,0.476467306,0.464367757
8319.29,8235.12,8316.21,8247.37,0.464367757,0.452967119,0.463950578,0.454626354
8247.37,8319.29,8235.12,8436.62,0.454626354,0.464367757,0.452967119,0.480259843
8436.62,8247.37,8319.29,8661.46,0.480259843,0.454626354,0.464367757,0.510713918
8661.46,8436.62,8247.37,8690.97,0.510713918,0.480259843,0.454626354,0.514710982
8690.97,8661.46,8436.62,8792.22,0.514710982,0.510713918,0.480259843,0.528425068
8792.22,8690.97,8661.46,8793.93,0.528425068,0.514710982,0.510713918,0.528656683
8793.93,8792.22,8690.97,8835.26,0.528656683,0.528425068,0.514710982,0.534254739
8835.26,8793.93,8792.22,8889.75,0.534254739,0.528656683,0.528425068,0.541635288
8889.75,8835.26,8793.93,8895.68,0.541635288,0.534254739,0.528656683,0.542438493
8895.68,8889.75,8835.26,8864.04,0.542438493,0.541635288,0.534254739,0.538152926
8864.04,8895.68,8889.75,8933.51,0.538152926,0.542438493,0.541635288,0.547562482
8933.51,8864.04,8895.68,8960.8,0.547562482,0.538152926,0.542438493,0.551258852
8960.8,8933.51,8864.04,9006.4,0.551258852,0.547562482,0.538152926,0.55743527
9006.4,8960.8,8933.51,9016.34,0.55743527,0.551258852,0.547562482,0.55878162
9016.34,9006.4,8960.8,9073.14,0.55878162,0.55743527,0.551258852,0.566475053
9073.14,9016.34,9006.4,9064.39,0.566475053,0.55878162,0.55743527,0.565289885
9064.39,9073.14,9016.34,9147.02,0.565289885,0.566475053,0.55878162,0.576481934
9147.02,9064.39,9073.14,9134.55,0.576481934,0.565289885,0.566475053,0.5747929
9134.55,9147.02,9064.39,9026.59,0.5747929,0.576481934,0.565289885,0.56016996
9026.59,9134.55,9147.02,9081.03,0.56016996,0.5747929,0.576481934,0.567543736
9081.03,9026.59,9134.55,9208.12,0.567543736,0.56016996,0.5747929,0.584757792
9208.12,9081.03,9026.59,9344.84,0.584757792,0.567543736,0.56016996,0.60327621
9344.84,9208.12,9081.03,9396.5,0.60327621,0.584757792,0.567543736,0.610273442
9396.5,9344.84,9208.12,9369.34,0.610273442,0.60327621,0.584757792,0.606594681
9369.34,9396.5,9344.84,9418.35,0.606594681,0.610273442,0.60327621,0.613232976
9418.35,9369.34,9396.5,9431.81,0.613232976,0.606594681,0.610273442,0.615056102
9431.81,9418.35,9369.34,9459.72,0.615056102,0.613232976,0.606594681,0.61883645
9459.72,9431.81,9418.35,9451.32,0.61883645,0.615056102,0.613232976,0.617698688
9451.32,9459.72,9431.81,9403.54,0.617698688,0.61883645,0.615056102,0.611226994
9403.54,9451.32,9459.72,9490.61,0.611226994,0.617698688,0.61883645,0.623020431
9490.61,9403.54,9451.32,9514.83,0.623020431,0.611226994,0.617698688,0.626300976
9514.83,9490.61,9403.54,9379.7,0.626300976,0.623020431,0.611226994,0.60799792
9379.7,9514.83,9490.61,9482.08,0.60799792,0.626300976,0.623020431,0.621865062
9482.08,9379.7,9514.83,9504.43,0.621865062,0.60799792,0.626300976,0.624892319
9504.43,9482.08,9379.7,9471.7,0.624892319,0.621865062,0.60799792,0.620459114
9471.7,9504.43,9482.08,9491.47,0.620459114,0.624892319,0.621865062,0.623136916
9491.47,9471.7,9504.43,9372.57,0.623136916,0.620459114,0.624892319,0.607032177
9372.57,9491.47,9471.7,9447.42,0.607032177,0.623136916,0.620459114,0.617170442
9447.42,9372.57,9491.47,9466.94,0.617170442,0.607032177,0.623136916,0.619814382
9466.94,9447.42,9372.57,9497.55,0.619814382,0.617170442,0.607032177,0.623960438
9497.55,9466.94,9447.42,9556.61,0.623960438,0.619814382,0.617170442,0.631959983
9556.61,9497.55,9466.94,9672.47,0.631959983,0.623960438,0.619814382,0.647652961
9672.47,9556.61,9497.55,9766.9,0.647652961,0.631959983,0.623960438,0.660443293
9766.9,9672.47,9556.61,9853.65,0.660443293,0.647652961,0.631959983,0.672193387
9853.65,9766.9,9672.47,9908.29,0.672193387,0.660443293,0.647652961,0.679594253
9908.29,9853.65,9766.9,9886.3,0.679594253,0.672193387,0.660443293,0.676615756
9886.3,9908.29,9853.65,9990.19,0.676615756,0.679594253,0.672193387,0.690687424
9990.19,9886.3,9908.29,10093.48,0.690687424,0.676615756,0.679594253,0.704677824
10093.48,9990.19,9886.3,10166,0.704677824,0.690687424,0.676615756,0.714500496
10166,10093.48,9990.19,10235.17,0.714500496,0.704677824,0.690687424,0.723869418
10235.17,10166,10093.48,10259.87,0.723869418,0.714500496,0.704677824,0.727214977
10259.87,10235.17,10166,10227.87,0.727214977,0.723869418,0.714500496,0.722880649
10227.87,10259.87,10235.17,10346.55,0.722880649,0.727214977,0.723869418,0.738955589
10346.55,10227.87,10259.87,10169.68,0.738955589,0.722880649,0.727214977,0.714998944
10169.68,10346.55,10227.87,10213.26,0.714998944,0.738955589,0.722880649,0.720901757
10213.26,10169.68,10346.55,10304.87,0.720901757,0.714998944,0.738955589,0.733310127
10304.87,10213.26,10169.68,10447.56,0.733310127,0.720901757,0.714998944,0.752637168
10447.56,10304.87,10213.26,10527.84,0.752637168,0.733310127,0.720901757,0.763510914
10527.84,10447.56,10304.87,10523.37,0.763510914,0.752637168,0.733310127,0.762905463
10523.37,10527.84,10447.56,10497.07,0.762905463,0.763510914,0.752637168,0.759343187
10497.07,10523.37,10527.84,10465.56,0.759343187,0.762905463,0.763510914,0.755075228
10465.56,10497.07,10523.37,10726.46,0.755075228,0.759343187,0.762905463,0.790413549
10726.46,10465.56,10497.07,10801.09,0.790413549,0.755075228,0.759343187,0.800522016
10801.09,10726.46,10465.56,10914.58,0.800522016,0.790413549,0.755075228,0.815893982
10914.58,10801.09,10726.46,11052.86,0.815893982,0.800522016,0.790413549,0.834623699
11052.86,10914.58,10801.09,11218.61,0.834623699,0.815893982,0.800522016,0.857074166
11218.61,11052.86,10914.58,10920.09,0.857074166,0.834623699,0.815893982,0.8166403
10920.09,11218.61,11052.86,11259.32,0.8166403,0.857074166,0.834623699,0.862588244
11259.32,10920.09,11218.61,11177.91,0.862588244,0.8166403,0.857074166,0.851561442
11177.91,11259.32,10920.09,11352.63,0.851561442,0.862588244,0.8166403,0.875226875
11352.63,11177.91,11259.32,11443.35,0.875226875,0.851561442,0.862588244,0.887514696
11443.35,11352.63,11177.91,11537.5,0.887514696,0.875226875,0.851561442,0.900267103
11537.5,11443.35,11352.63,11446.33,0.900267103,0.887514696,0.875226875,0.88791833
11446.33,11537.5,11443.35,11609.85,0.88791833,0.900267103,0.887514696,0.910066749
11609.85,11446.33,11537.5,11546.79,0.910066749,0.88791833,0.900267103,0.901525413
11546.79,11609.85,11446.33,11191.74,0.901525413,0.910066749,0.88791833,0.853434684
11191.74,11546.79,11609.85,11456.12,0.853434684,0.901525413,0.910066749,0.889244364
11456.12,11191.74,11546.79,11473.99,0.889244364,0.853434684,0.901525413,0.891664816
11473.99,11456.12,11191.74,11381.25,0.891664816,0.889244364,0.853434684,0.87910339
11381.25,11473.99,11456.12,11415.29,0.87910339,0.891664816,0.889244364,0.883714032
11415.29,11381.25,11473.99,10947.42,0.883714032,0.87910339,0.891664816,0.820342087
10947.42,11415.29,11381.25,11086.3,0.820342087,0.883714032,0.87910339,0.839153072
11086.3,10947.42,11415.29,10598.38,0.839153072,0.820342087,0.883714032,0.7730654
10598.38,11086.3,10947.42,10804.35,0.7730654,0.839153072,0.820342087,0.800963575
10804.35,10598.38,11086.3,10474.2,0.800963575,0.7730654,0.839153072,0.756245496
10474.2,10804.35,10598.38,10094.81,0.756245496,0.800963575,0.7730654,0.704857969
10094.81,10474.2,10804.35,10436.53,0.704857969,0.756245496,0.800963575,0.751143179
10436.53,10094.81,10474.2,10393.87,0.751143179,0.704857969,0.756245496,0.745364978
10393.87,10436.53,10094.81,10689.36,0.745364978,0.751143179,0.704857969,0.785388437
10689.36,10393.87,10436.53,10951.08,0.785388437,0.745364978,0.751143179,0.820837826
10951.08,10689.36,10393.87,11028.22,0.820837826,0.785388437,0.745364978,0.831286266
11028.22,10951.08,10689.36,11130.13,0.831286266,0.820837826,0.785388437,0.845089748
11130.13,11028.22,10951.08,11278.45,0.845089748,0.831286266,0.820837826,0.86517936
11278.45,11130.13,11028.22,11459.58,0.86517936,0.845089748,0.831286266,0.889713013
11459.58,11278.45,11130.13,11402.22,0.889713013,0.86517936,0.845089748,0.88194373
11402.22,11459.58,11278.45,11449.52,0.88194373,0.889713013,0.86517936,0.888350409
11449.52,11402.22,11459.58,11414.34,0.888350409,0.88194373,0.889713013,0.883585356
11414.34,11449.52,11402.22,11568.69,0.883585356,0.888350409,0.88194373,0.904491719
11568.69,11414.34,11449.52,11485.9,0.904491719,0.883585356,0.888350409,0.893277998
11485.9,11568.69,11414.34,11573.94,0.893277998,0.904491719,0.883585356,0.905202819
11573.94,11485.9,11568.69,11664.97,0.905202819,0.893277998,0.904491719,0.917532629
11664.97,11573.94,11485.9,11666.38,0.917532629,0.905202819,0.893277998,0.917723611
11666.38,11664.97,11573.94,11684.79,0.917723611,0.917532629,0.905202819,0.920217204
11684.79,11666.38,11664.97,11936.59,0.920217204,0.917723611,0.917532629,0.954322951
11936.59,11684.79,11666.38,11992.23,0.954322951,0.920217204,0.917723611,0.961859264
11992.23,11936.59,11684.79,12060.99,0.961859264,0.954322951,0.920217204,0.971172653
12060.99,11992.23,11936.59,12136.83,0.971172653,0.961859264,0.954322951,0.981445011
12136.83,12060.99,11992.23,12273.82,0.981445011,0.971172653,0.961859264,1
12273.82,12136.83,12060.99,12115.46,1,0.981445011,0.971172653,0.978550492
12115.46,12273.82,12136.83,12048.14,0.978550492,1,0.981445011,0.969432149
12048.14,12115.46,12273.82,12075.75,0.969432149,0.978550492,1,0.973171862
12075.75,12048.14,12115.46,12007.6,0.973171862,0.969432149,0.978550492,0.963941096
12007.6,12075.75,12048.14,11802.6,0.963941096,0.973171862,0.969432149,0.936174305
11802.6,12007.6,12075.75,11941.8,0.936174305,0.963941096,0.973171862,0.955028634
11941.8,11802.6,12007.6,11910,0.955028634,0.936174305,0.963941096,0.950721395
11910,11941.8,11802.6,11683.7,0.950721395,0.955028634,0.936174305,0.920069566
11683.7,11910,11941.8,11342.1,0.920069566,0.950721395,0.955028634,0.87380061
11342.1,11683.7,11910,11572.9,0.87380061,0.920069566,0.950721395,0.905061954
11572.9,11342.1,11683.7,11728.1,0.905061954,0.87380061,0.920069566,0.926083447
11728.1,11572.9,11342.1,11690.2,0.926083447,0.905061954,0.87380061,0.920949976
11690.2,11728.1,11572.9,11686.4,0.920949976,0.926083447,0.905061954,0.920435275
11686.4,11690.2,11728.1,11775.5,0.920435275,0.920949976,0.926083447,0.932503671
11775.5,11686.4,11690.2,11576.8,0.932503671,0.920435275,0.920949976,0.9055902
11576.8,11775.5,11686.4,11571.8,0.9055902,0.932503671,0.920435275,0.904912961
11571.8,11576.8,11775.5,11531.3,0.904912961,0.9055902,0.932503671,0.899427327
11531.3,11571.8,11576.8,11511.5,0.899427327,0.904912961,0.9055902,0.896745461
11511.5,11531.3,11571.8,11096.8,0.896745461,0.899427327,0.904912961,0.840575274
11096.8,11511.5,11531.3,10706.9,0.840575274,0.896745461,0.899427327,0.787764191
10706.9,11096.8,11511.5,11094.4,0.787764191,0.840575274,0.896745461,0.840250199
11094.4,10706.9,11096.8,10687.8,0.840250199,0.787764191,0.840575274,0.785177139
10687.8,11094.4,10706.9,10861.3,0.785177139,0.840250199,0.787764191,0.808677326
10861.3,10687.8,11094.4,10930.5,0.808677326,0.785177139,0.840250199,0.818050311
10930.5,10861.3,10687.8,10932.5,0.818050311,0.808677326,0.785177139,0.818321206
10932.5,10930.5,10861.3,11116.8,0.818321206,0.818050311,0.808677326,0.843284229
11116.8,10932.5,10930.5,11018.8,0.843284229,0.818321206,0.818050311,0.830010348
11018.8,11116.8,10932.5,10660.3,0.830010348,0.843284229,0.818321206,0.781452325
10660.3,11018.8,11116.8,10247.6,0.781452325,0.830010348,0.843284229,0.725553033
10247.6,10660.3,11018.8,10118.7,0.725553033,0.781452325,0.830010348,0.708093817
10118.7,10247.6,10660.3,9800.69,0.708093817,0.725553033,0.781452325,0.665020073
9800.69,10118.7,10247.6,10183.7,0.665020073,0.708093817,0.725553033,0.716897921
10183.7,9800.69,10118.7,10346.2,0.716897921,0.665020073,0.708093817,0.738908183
10346.2,10183.7,9800.69,10373.8,0.738908183,0.716897921,0.665020073,0.742646541
10373.8,10346.2,10183.7,10531.8,0.742646541,0.738908183,0.716897921,0.764047288
10531.8,10373.8,10346.2,10202.3,0.764047288,0.742646541,0.738908183,0.71941725
10202.3,10531.8,10373.8,9775.04,0.71941725,0.764047288,0.742646541,0.661545838
9775.04,10202.3,10531.8,9849.83,0.661545838,0.71941725,0.764047288,0.671675976
9849.83,9775.04,10202.3,9732.86,0.671675976,0.661545838,0.71941725,0.655832652
9732.86,9849.83,9775.04,9314.91,0.655832652,0.671675976,0.661545838,0.599222259
9314.91,9732.86,9849.83,8766.98,0.599222259,0.655832652,0.671675976,0.525006366
8766.98,9314.91,9732.86,9177.46,0.525006366,0.599222259,0.655832652,0.580604964
9177.46,8766.98,9314.91,9607.11,0.580604964,0.525006366,0.599222259,0.638800095
9607.11,9177.46,8766.98,9943.83,0.638800095,0.580604964,0.525006366,0.684408066
9943.83,9607.11,9177.46,10105.1,0.684408066,0.638800095,0.580604964,0.706251727
10105.1,9943.83,9607.11,10103.3,0.706251727,0.684408066,0.638800095,0.706007921
10103.3,10105.1,9943.83,10171,0.706007921,0.706251727,0.684408066,0.715177735
10171,10103.3,10105.1,9807.53,0.715177735,0.706007921,0.706251727,0.665946536
9807.53,10171,10103.3,9404.7,0.665946536,0.715177735,0.706007921,0.611384114
9404.7,9807.53,10171,9041.62,0.611384114,0.665946536,0.715177735,0.56220574
9041.62,9404.7,9807.53,9434.15,0.56220574,0.611384114,0.665946536,0.61537305
9434.15,9041.62,9404.7,9841.43,0.61537305,0.56220574,0.611384114,0.670538215
9841.43,9434.15,9041.62,9989.41,0.670538215,0.61537305,0.56220574,0.690581775
9989.41,9841.43,9434.15,9603.65,0.690581775,0.670538215,0.61537305,0.638331446
9603.65,9989.41,9841.43,9829.4,0.638331446,0.690581775,0.670538215,0.668908779
9829.4,9603.65,9989.41,9936.33,0.668908779,0.638331446,0.690581775,0.683392208
9936.33,9829.4,9603.65,9916.08,0.683392208,0.668908779,0.638331446,0.680649391
9916.08,9936.33,9829.4,9836.04,0.680649391,0.683392208,0.668908779,0.669808152
9836.04,9916.08,9936.33,9504.47,0.669808152,0.680649391,0.683392208,0.624897737
9504.47,9836.04,9916.08,9655.93,0.624897737,0.669808152,0.680649391,0.645412655
9655.93,9504.47,9836.04,9920.66,0.645412655,0.624897737,0.669808152,0.681269742
9920.66,9655.93,9504.47,10014.8,0.681269742,0.645412655,0.624897737,0.694020794
10014.8,9920.66,9655.93,10027,0.694020794,0.681269742,0.645412655,0.695673257
10027,10014.8,9920.66,9947.8,0.695673257,0.694020794,0.681269742,0.684945794
9947.8,10027,10014.8,10191.8,0.684945794,0.695673257,0.694020794,0.717995048
10191.8,9947.8,10027,10198.7,0.717995048,0.684945794,0.695673257,0.718929638
10198.7,10191.8,9947.8,10198.3,0.718929638,0.717995048,0.684945794,0.718875458
10198.3,10198.7,10191.8,10257.6,0.718875458,0.718929638,0.717995048,0.726907511
10257.6,10198.3,10198.7,10350.6,0.726907511,0.718875458,0.718929638,0.739504153
10350.6,10257.6,10198.3,10401.1,0.739504153,0.726907511,0.718875458,0.746344265
10401.1,10350.6,10257.6,10343.6,0.746344265,0.739504153,0.726907511,0.738556018
10343.6,10401.1,10350.6,10430.7,0.738556018,0.746344265,0.739504153,0.750353519
10430.7,10343.6,10401.1,10353.5,0.750353519,0.738556018,0.746344265,0.739896951
10353.5,10430.7,10343.6,10497.6,0.739896951,0.750353519,0.738556018,0.759414974
10497.6,10353.5,10430.7,10507,0.759414974,0.739896951,0.750353519,0.760688183
10507,10497.6,10353.5,10558.3,0.760688183,0.759414974,0.739896951,0.767636653
10558.3,10507,10497.6,10667.4,0.767636653,0.760688183,0.759414974,0.782414004
10667.4,10558.3,10507,10772.5,0.782414004,0.767636653,0.760688183,0.796649564
10772.5,10667.4,10558.3,10846.7,0.796649564,0.782414004,0.767636653,0.806699788
10846.7,10772.5,10667.4,10828.9,0.806699788,0.796649564,0.782414004,0.804288818
10828.9,10846.7,10772.5,10655.5,0.804288818,0.806699788,0.796649564,0.780802176
10655.5,10828.9,10846.7,10525.9,0.780802176,0.804288818,0.806699788,0.763248146
10525.9,10655.5,10828.9,10406.4,0.763248146,0.780802176,0.804288818,0.747062138
10406.4,10525.9,10655.5,10317.4,0.747062138,0.763248146,0.780802176,0.735007287
10317.4,10406.4,10525.9,10576.7,0.735007287,0.747062138,0.763248146,0.770128892
10576.7,10317.4,10406.4,10557.2,0.770128892,0.735007287,0.747062138,0.767487661
10557.2,10576.7,10317.4,10562.8,0.767487661,0.770128892,0.735007287,0.768246168
10562.8,10557.2,10576.7,10481.6,0.768246168,0.767487661,0.770128892,0.75724781
10481.6,10562.8,10557.2,10220.7,0.75724781,0.768246168,0.767487661,0.721909488
10220.7,10481.6,10562.8,10244.6,0.721909488,0.75724781,0.768246168,0.72514669
10244.6,10220.7,10481.6,9955.23,0.72514669,0.721909488,0.75724781,0.685952171
9955.23,10244.6,10220.7,9584.79,0.685952171,0.72514669,0.721909488,0.635776901
9584.79,9955.23,10244.6,9876.51,0.635776901,0.685952171,0.72514669,0.675289723
9876.51,9584.79,9955.23,9942.87,0.675289723,0.635776901,0.685952171,0.684278036
9942.87,9876.51,9584.79,10086.15,0.684278036,0.675289723,0.635776901,0.703684992
10086.15,9942.87,9876.51,10064.13,0.703684992,0.684278036,0.675289723,0.700702432
10064.13,10086.15,9942.87,10170.97,0.700702432,0.703684992,0.684278036,0.715173671
10170.97,10064.13,10086.15,10125.91,0.715173671,0.700702432,0.703684992,0.709070395
10125.91,10170.97,10064.13,10001.7,0.709070395,0.715173671,0.700702432,0.692246428
10001.7,10125.91,10170.97,10068.7,0.692246428,0.709070395,0.715173671,0.701321428
10068.7,10001.7,10125.91,9927.1,0.701321428,0.692246428,0.709070395,0.682142025
9927.1,10068.7,10001.7,9965.21,0.682142025,0.701321428,0.692246428,0.687303939
9965.21,9927.1,10068.7,9892.77,0.687303939,0.682142025,0.701321428,0.677492103
9892.77,9965.21,9927.1,10157.17,0.677492103,0.687303939,0.682142025,0.713304492
10157.17,9892.77,9965.21,9988.63,0.713304492,0.677492103,0.687303939,0.690476126
9988.63,10157.17,9892.77,10028.5,0.690476126,0.713304492,0.677492103,0.695876428
10028.5,9988.63,10157.17,9984.57,0.695876428,0.690476126,0.713304492,0.689926208
9984.57,10028.5,9988.63,9876.4,0.689926208,0.695876428,0.690476126,0.675274824
9876.4,9984.57,10028.5,9908.85,0.675274824,0.689926208,0.695876428,0.679670103
9908.85,9876.4,9984.57,10032.57,0.679670103,0.675274824,0.689926208,0.696427701
10032.57,9908.85,9876.4,10155.1,0.696427701,0.679670103,0.675274824,0.713024115
10155.1,10032.57,9908.85,10306.75,0.713024115,0.696427701,0.679670103,0.733564768
10306.75,10155.1,10032.57,10252.15,0.733564768,0.713024115,0.696427701,0.726169321
10252.15,10306.75,10155.1,10305.43,0.726169321,0.733564768,0.713024115,0.733385977
10305.43,10252.15,10306.75,10386.52,0.733385977,0.726169321,0.733564768,0.744369436
10386.52,10305.43,10252.15,10528.69,0.744369436,0.733385977,0.726169321,0.763626045
10528.69,10386.52,10305.43,10512.48,0.763626045,0.744369436,0.733385977,0.761430437
10512.48,10528.69,10386.52,10616.24,0.761430437,0.763626045,0.744369436,0.775484497
10616.24,10512.48,10528.69,10592.72,0.775484497,0.761430437,0.763626045,0.772298765
10592.72,10616.24,10512.48,10743.55,0.772298765,0.775484497,0.761430437,0.792728351
10743.55,10592.72,10616.24,10855.82,0.792728351,0.772298765,0.775484497,0.807935072
10855.82,10743.55,10592.72,10926.91,0.807935072,0.792728351,0.772298765,0.817564053
10926.91,10855.82,10743.55,10942.75,0.817564053,0.807935072,0.792728351,0.819709546
10942.75,10926.91,10855.82,10959.71,0.819709546,0.817564053,0.807935072,0.82200674
10959.71,10942.75,10926.91,10886.42,0.82200674,0.819709546,0.817564053,0.812079773
10886.42,10959.71,10942.75,10880.2,0.812079773,0.82200674,0.819709546,0.811237288
10880.2,10886.42,10959.71,10924.5,0.811237288,0.812079773,0.82200674,0.817237624
10924.5,10880.2,10886.42,10909.31,0.817237624,0.811237288,0.812079773,0.815180173
10909.31,10924.5,10880.2,11167.04,0.815180173,0.817237624,0.811237288,0.850089125
11167.04,10909.31,10924.5,11399.83,0.850089125,0.815180173,0.817237624,0.881620009
11399.83,11167.04,10909.31,11565.25,0.881620009,0.850089125,0.815180173,0.904025778
11565.25,11399.83,11167.04,11528.27,0.904025778,0.881620009,0.850089125,0.89901692
11528.27,11565.25,11399.83,11327.71,0.89901692,0.904025778,0.881620009,0.871851517
11327.71,11528.27,11565.25,11010.59,0.871851517,0.89901692,0.904025778,0.828898322
11010.59,11327.71,11528.27,10945.35,0.828898322,0.871851517,0.89901692,0.82006171
10945.35,11010.59,11327.71,11246.71,0.82006171,0.828898322,0.871851517,0.860880248
11246.71,10945.35,11010.59,11012.4,0.860880248,0.82006171,0.828898322,0.829143483
11012.4,11246.71,10945.35,11017.51,0.829143483,0.860880248,0.82006171,0.829835621
11017.51,11012.4,11246.71,10973.08,0.829835621,0.829143483,0.860880248,0.823817676
10973.08,11017.51,11012.4,10739.45,0.823817676,0.829835621,0.829143483,0.792173016
10739.45,10973.08,11017.51,10743.84,0.792173016,0.823817676,0.829835621,0.792767631
10743.84,10739.45,10973.08,10869.32,0.792767631,0.792173016,0.823817676,0.809763617
10869.32,10743.84,10739.45,10811.86,0.809763617,0.792767631,0.792173016,0.801980788
10811.86,10869.32,10743.84,10850.04,0.801980788,0.809763617,0.792767631,0.807152184
10850.04,10811.86,10869.32,10705.87,0.807152184,0.801980788,0.809763617,0.78762468
10705.87,10850.04,10811.86,10430.66,0.78762468,0.807152184,0.801980788,0.750348101
10430.66,10705.87,10850.04,10622.55,0.750348101,0.78762468,0.807152184,0.776339172
10622.55,10430.66,10705.87,10646.26,0.776339172,0.750348101,0.78762468,0.779550639
10646.26,10622.55,10430.66,10867.11,0.779550639,0.776339172,0.750348101,0.809464277
10867.11,10646.26,10622.55,10870.9,0.809464277,0.779550639,0.776339172,0.809977624
10870.9,10867.11,10646.26,10750.41,0.809977624,0.809464277,0.779550639,0.793657523
10750.41,10870.9,10867.11,10762.16,0.793657523,0.809977624,0.809464277,0.795249034
10762.16,10750.41,10870.9,10594.57,0.795249034,0.793657523,0.809977624,0.772549344
10594.57,10762.16,10750.41,10618.75,0.772549344,0.795249034,0.793657523,0.775824471
10618.75,10594.57,10762.16,10388.19,0.775824471,0.772549344,0.795249034,0.744595634
10388.19,10618.75,10594.57,10416,0.744595634,0.775824471,0.772549344,0.748362437
10416,10388.19,10618.75,10550.16,0.748362437,0.744595634,0.775824471,0.766534108
10550.16,10416,10388.19,10677.38,0.766534108,0.748362437,0.744595634,0.783765773
10677.38,10550.16,10416,10642.68,0.783765773,0.766534108,0.748362437,0.779065736
10642.68,10677.38,10550.16,10561.97,0.779065736,0.783765773,0.766534108,0.768133747
10561.97,10642.68,10677.38,10584.48,0.768133747,0.779065736,0.783765773,0.771182676
10584.48,10561.97,10642.68,10644.36,0.771182676,0.768133747,0.779065736,0.779293288
10644.36,10584.48,10561.97,10587.09,0.779293288,0.771182676,0.768133747,0.771536194
10587.09,10644.36,10584.48,10604.44,0.771536194,0.779293288,0.771182676,0.773886213
10604.44,10587.09,10644.36,10551.87,0.773886213,0.771536194,0.779293288,0.766765724
10551.87,10604.44,10587.09,10341.41,0.766765724,0.773886213,0.771536194,0.738259388
10341.41,10551.87,10604.44,10055.65,0.738259388,0.766765724,0.773886213,0.699553835
10055.65,10341.41,10551.87,10182.33,0.699553835,0.738259388,0.766765724,0.716712358
10182.33,10055.65,10341.41,9923.11,0.716712358,0.699553835,0.738259388,0.681601589
9923.11,10182.33,10055.65,9893.99,0.681601589,0.716712358,0.699553835,0.67765735
9893.99,9923.11,10182.33,10025.34,0.67765735,0.681601589,0.716712358,0.695448413
10025.34,9893.99,9923.11,10031.46,0.695448413,0.67765735,0.681601589,0.696277354
10031.46,10025.34,9893.99,10058.46,0.696277354,0.695448413,0.67765735,0.699934443
10058.46,10031.46,10025.34,10040.5,0.699934443,0.696277354,0.695448413,0.697501801
10040.5,10058.46,10031.46,10066.32,0.697501801,0.699934443,0.696277354,0.700999063
10066.32,10040.5,10058.46,10184.52,0.700999063,0.697501801,0.699934443,0.717008988
10184.52,10066.32,10040.5,10147.36,0.717008988,0.700999063,0.697501801,0.711975749
10147.36,10184.52,10066.32,10235.96,0.711975749,0.717008988,0.700999063,0.723976421
10235.96,10147.36,10184.52,10405.21,0.723976421,0.711975749,0.717008988,0.746900955
10405.21,10235.96,10147.36,10374.36,0.746900955,0.723976421,0.711975749,0.742722392
10374.36,10405.21,10235.96,10359.06,0.742722392,0.746900955,0.723976421,0.740650041
10359.06,10374.36,10405.21,10425.46,0.740650041,0.742722392,0.746900955,0.749643772
10425.46,10359.06,10374.36,10507.52,0.749643772,0.740650041,0.742722392,0.760758616
10507.52,10425.46,10359.06,10590.59,0.760758616,0.749643772,0.740650041,0.772010262
10590.59,10507.52,10425.46,10617.11,0.772010262,0.760758616,0.749643772,0.775602336
10617.11,10590.59,10507.52,10640.71,0.775602336,0.772010262,0.760758616,0.778798903
10640.71,10617.11,10590.59,10641.31,0.778798903,0.775602336,0.772010262,0.778880172
10641.31,10640.71,10617.11,10705.87,0.778880172,0.778798903,0.775602336,0.78762468
10705.87,10641.31,10640.71,10705.32,0.78762468,0.778880172,0.778798903,0.787550183
10705.32,10705.87,10641.31,10856.74,0.787550183,0.78762468,0.778880172,0.808059684
10856.74,10705.32,10705.87,11031.08,0.808059684,0.787550183,0.78762468,0.831673647
11031.08,10856.74,10705.32,11105.34,0.831673647,0.808059684,0.787550183,0.841731998
11105.34,11031.08,10856.74,11272.33,0.841731998,0.831673647,0.808059684,0.86435042
11272.33,11105.34,11031.08,11348.62,0.86435042,0.841731998,0.831673647,0.874683729
11348.62,11272.33,11105.34,11589.64,0.874683729,0.86435042,0.841731998,0.907329349
11589.64,11348.62,11272.33,11632.04,0.907329349,0.874683729,0.86435042,0.913072335
11632.04,11589.64,11348.62,11728.08,0.913072335,0.907329349,0.874683729,0.926080738
11728.08,11632.04,11589.64,11867.09,0.926080738,0.913072335,0.907329349,0.944909331
11867.09,11728.08,11632.04,11844.65,0.944909331,0.926080738,0.913072335,0.941869883
11844.65,11867.09,11728.08,11629.75,0.941869883,0.944909331,0.926080738,0.912762159
11629.75,11844.65,11867.09,11643.53,0.912762159,0.941869883,0.944909331,0.914628629
11643.53,11629.75,11844.65,11454.76,0.914628629,0.912762159,0.941869883,0.889060155
11454.76,11643.53,11629.75,11467.96,0.889060155,0.914628629,0.912762159,0.890848066
11467.96,11454.76,11643.53,11379.4,0.890848066,0.889060155,0.914628629,0.878852812
11379.4,11467.96,11454.76,11577.76,0.878852812,0.890848066,0.889060155,0.90572023
11577.76,11379.4,11467.96,11463.18,0.90572023,0.878852812,0.890848066,0.890200625
11463.18,11577.76,11379.4,11520.62,0.890200625,0.90572023,0.878852812,0.897980745
11520.62,11463.18,11577.76,11542.98,0.897980745,0.890200625,0.90572023,0.901009357
11542.98,11520.62,11463.18,11607.84,0.901009357,0.897980745,0.890200625,0.909794499
11607.84,11542.98,11520.62,11393.97,0.909794499,0.901009357,0.897980745,0.880826286
11393.97,11607.84,11542.98,11376.12,0.880826286,0.909794499,0.901009357,0.878408543
11376.12,11393.97,11607.84,11179.97,0.878408543,0.880826286,0.909794499,0.851840464
11179.97,11376.12,11393.97,11207.79,0.851840464,0.878408543,0.880826286,0.855608621
11207.79,11179.97,11376.12,11133.35,0.855608621,0.851840464,0.878408543,0.845525889
11133.35,11207.79,11179.97,10899.71,0.845525889,0.855608621,0.851840464,0.813879874
10899.71,11133.35,11207.79,10923.9,0.813879874,0.845525889,0.855608621,0.817156355
10923.9,10899.71,11133.35,11146.27,0.817156355,0.813879874,0.845525889,0.847275875
11146.27,10923.9,10899.71,11283.87,0.847275875,0.817156355,0.813879874,0.865913487
11283.87,11146.27,10923.9,11413.12,0.865913487,0.847275875,0.817156355,0.88342011
11413.12,11283.87,11146.27,11407.87,0.88342011,0.865913487,0.847275875,0.882709009
11407.87,11413.12,11283.87,11404.95,0.882709009,0.88342011,0.865913487,0.882313502
11404.95,11407.87,11413.12,11276.66,0.882313502,0.882709009,0.88342011,0.864936908
11276.66,11404.95,11407.87,11310.9,0.864936908,0.882313502,0.882709009,0.86957464
11310.9,11276.66,11404.95,11374.03,0.86957464,0.864936908,0.882313502,0.878125457
11374.03,11310.9,11276.66,11141.29,0.878125457,0.86957464,0.864936908,0.846601345
11141.29,11374.03,11310.9,11331.35,0.846601345,0.878125457,0.86957464,0.872344547
11331.35,11141.29,11374.03,11296.62,0.872344547,0.846601345,0.878125457,0.867640446
11296.62,11331.35,11141.29,11294.98,0.867640446,0.872344547,0.846601345,0.867418311
11294.98,11296.62,11331.35,11301.62,0.867418311,0.867640446,0.872344547,0.868317685
11301.62,11294.98,11296.62,11328.47,0.868317685,0.867418311,0.867640446,0.871954457
11328.47,11301.62,11294.98,11233.56,0.871954457,0.868317685,0.867418311,0.85909911
11233.56,11328.47,11301.62,11221.51,0.85909911,0.871954457,0.868317685,0.857466964
11221.51,11233.56,11328.47,11271.5,0.857466964,0.85909911,0.871954457,0.864237998
11271.5,11221.51,11233.56,11276.51,0.864237998,0.857466964,0.85909911,0.864916591
11276.51,11271.5,11221.51,11432.74,0.864916591,0.864237998,0.857466964,0.886077595
11432.74,11276.51,11271.5,11414.86,0.886077595,0.864916591,0.864237998,0.883655789
11414.86,11432.74,11276.51,11596.08,0.883655789,0.886077595,0.864916591,0.908201633
11596.08,11414.86,11432.74,11655.64,0.908201633,0.883655789,0.886077595,0.916268902
11655.64,11596.08,11414.86,11676.59,0.916268902,0.908201633,0.883655789,0.919106532
11676.59,11655.64,11596.08,11773.9,0.919106532,0.916268902,0.908201633,0.932286954
11773.9,11676.59,11655.64,11894.96,0.932286954,0.919106532,0.916268902,0.94868426
11894.96,11773.9,11676.59,11905.92,0.94868426,0.932286954,0.919106532,0.950168768
11905.92,11894.96,11773.9,11977.74,0.950168768,0.94868426,0.932286954,0.959896626
11977.74,11905.92,11894.96,12004.59,0.959896626,0.950168768,0.94868426,0.963533399
